[
    {
        "keywords":  [
            "hola",
            "hola!",
            "ola",
            "ole",
            "inicio",
            "welcome",
            "buenos días",
            "buenas tardes",
            "buenas noches",
            "me dieron este número",
            "venden a crédito",
            "quisiera saber si venden",
            "necesito saber"
        ],
        "key": "STEP_1"
    },
    {
        "keywords":  [
            "cursos",
            "info",
            "curso"        ],
        "key": "STEP_2"
    },
    {
        "keywords":  [
            "angular"
        ],
        "key": "STEP_2_1"
    },
    {
        "keywords":  [
            "node"
        ],
        "key": "STEP_2_2"
    },
    {
        "keywords":  [
            "ngrx"
        ],
        "key": "STEP_2_3"
    },
    {
        "keywords":  [
            "aws"
        ],
        "key": "STEP_2_4"
    },
    {
        "keywords":  [
            "asesor",
            "asesores",
            "Vendedor",
            "cobrador"
        ],
        "key": "STEP_3"
    },
    {
        "keywords":  [
            "muchas gracias",
            "ok",
            "gracias",
            "vale gracias"
        ],
        "key": "STEP_4"
    },
    {
        "keywords":  [
            "youtube"
        ],
        "key": "STEP_5"
    },
    {
        "keywords":  [
            "VER_CURSOS"
        ],
        "key": "STEP_6"
    },
    {
        "keywords":  [
            "telegram"
        ],
        "key": "STEP_7"
    },
    {
        "keywords":  [
            "audio"
        ],
        "key": "STEP_8"
    }
]